user_id,priority_dimension,recommendation,explanation
U0001,liquidity,Build a short-term cash buffer before increasing discretionary spending.,"Average monthly net cashflow is CHF 186, limiting resilience to unexpected expenses."
U0002,liquidity,Build a short-term cash buffer before increasing discretionary spending.,"Average monthly net cashflow is CHF 71, limiting resilience to unexpected expenses."
U0003,liquidity,Build a short-term cash buffer before increasing discretionary spending.,"Average monthly net cashflow is CHF 334, limiting resilience to unexpected expenses."
U0004,liquidity,Build a short-term cash buffer before increasing discretionary spending.,"Average monthly net cashflow is CHF 835, limiting resilience to unexpected expenses."
U0005,liquidity,Build a short-term cash buffer before increasing discretionary spending.,"Average monthly net cashflow is CHF -298, limiting resilience to unexpected expenses."
U0006,liquidity,Build a short-term cash buffer before increasing discretionary spending.,"Average monthly net cashflow is CHF 303, limiting resilience to unexpected expenses."
U0007,liquidity,Build a short-term cash buffer before increasing discretionary spending.,"Average monthly net cashflow is CHF -67, limiting resilience to unexpected expenses."
U0008,liquidity,Build a short-term cash buffer before increasing discretionary spending.,"Average monthly net cashflow is CHF 362, limiting resilience to unexpected expenses."
U0009,liquidity,Build a short-term cash buffer before increasing discretionary spending.,"Average monthly net cashflow is CHF 933, limiting resilience to unexpected expenses."
U0010,liquidity,Build a short-term cash buffer before increasing discretionary spending.,"Average monthly net cashflow is CHF -204, limiting resilience to unexpected expenses."
U0011,liquidity,Build a short-term cash buffer before increasing discretionary spending.,"Average monthly net cashflow is CHF 191, limiting resilience to unexpected expenses."
U0012,liquidity,Build a short-term cash buffer before increasing discretionary spending.,"Average monthly net cashflow is CHF -43, limiting resilience to unexpected expenses."
U0013,liquidity,Build a short-term cash buffer before increasing discretionary spending.,"Average monthly net cashflow is CHF 65, limiting resilience to unexpected expenses."
U0014,liquidity,Build a short-term cash buffer before increasing discretionary spending.,"Average monthly net cashflow is CHF 1157, limiting resilience to unexpected expenses."
U0015,liquidity,Build a short-term cash buffer before increasing discretionary spending.,"Average monthly net cashflow is CHF -376, limiting resilience to unexpected expenses."
U0016,liquidity,Build a short-term cash buffer before increasing discretionary spending.,"Average monthly net cashflow is CHF 220, limiting resilience to unexpected expenses."
U0017,liquidity,Build a short-term cash buffer before increasing discretionary spending.,"Average monthly net cashflow is CHF 55, limiting resilience to unexpected expenses."
U0018,liquidity,Build a short-term cash buffer before increasing discretionary spending.,"Average monthly net cashflow is CHF 75, limiting resilience to unexpected expenses."
U0019,liquidity,Build a short-term cash buffer before increasing discretionary spending.,"Average monthly net cashflow is CHF 1013, limiting resilience to unexpected expenses."
U0020,liquidity,Build a short-term cash buffer before increasing discretionary spending.,"Average monthly net cashflow is CHF -103, limiting resilience to unexpected expenses."
U0021,liquidity,Build a short-term cash buffer before increasing discretionary spending.,"Average monthly net cashflow is CHF 207, limiting resilience to unexpected expenses."
U0022,liquidity,Build a short-term cash buffer before increasing discretionary spending.,"Average monthly net cashflow is CHF 34, limiting resilience to unexpected expenses."
U0023,liquidity,Build a short-term cash buffer before increasing discretionary spending.,"Average monthly net cashflow is CHF 92, limiting resilience to unexpected expenses."
U0024,liquidity,Build a short-term cash buffer before increasing discretionary spending.,"Average monthly net cashflow is CHF 825, limiting resilience to unexpected expenses."
U0025,liquidity,Build a short-term cash buffer before increasing discretionary spending.,"Average monthly net cashflow is CHF -297, limiting resilience to unexpected expenses."
U0026,liquidity,Build a short-term cash buffer before increasing discretionary spending.,"Average monthly net cashflow is CHF 246, limiting resilience to unexpected expenses."
U0027,liquidity,Build a short-term cash buffer before increasing discretionary spending.,"Average monthly net cashflow is CHF -34, limiting resilience to unexpected expenses."
U0028,liquidity,Build a short-term cash buffer before increasing discretionary spending.,"Average monthly net cashflow is CHF 81, limiting resilience to unexpected expenses."
U0029,liquidity,Build a short-term cash buffer before increasing discretionary spending.,"Average monthly net cashflow is CHF 999, limiting resilience to unexpected expenses."
U0030,liquidity,Build a short-term cash buffer before increasing discretionary spending.,"Average monthly net cashflow is CHF -133, limiting resilience to unexpected expenses."
U0031,liquidity,Build a short-term cash buffer before increasing discretionary spending.,"Average monthly net cashflow is CHF 193, limiting resilience to unexpected expenses."
U0032,liquidity,Build a short-term cash buffer before increasing discretionary spending.,"Average monthly net cashflow is CHF 27, limiting resilience to unexpected expenses."
U0033,liquidity,Build a short-term cash buffer before increasing discretionary spending.,"Average monthly net cashflow is CHF 179, limiting resilience to unexpected expenses."
U0034,liquidity,Build a short-term cash buffer before increasing discretionary spending.,"Average monthly net cashflow is CHF 669, limiting resilience to unexpected expenses."
U0035,liquidity,Build a short-term cash buffer before increasing discretionary spending.,"Average monthly net cashflow is CHF -228, limiting resilience to unexpected expenses."
U0036,liquidity,Build a short-term cash buffer before increasing discretionary spending.,"Average monthly net cashflow is CHF 150, limiting resilience to unexpected expenses."
U0037,liquidity,Build a short-term cash buffer before increasing discretionary spending.,"Average monthly net cashflow is CHF -36, limiting resilience to unexpected expenses."
U0038,liquidity,Build a short-term cash buffer before increasing discretionary spending.,"Average monthly net cashflow is CHF 170, limiting resilience to unexpected expenses."
U0039,liquidity,Build a short-term cash buffer before increasing discretionary spending.,"Average monthly net cashflow is CHF 861, limiting resilience to unexpected expenses."
U0040,liquidity,Build a short-term cash buffer before increasing discretionary spending.,"Average monthly net cashflow is CHF -199, limiting resilience to unexpected expenses."
U0041,liquidity,Build a short-term cash buffer before increasing discretionary spending.,"Average monthly net cashflow is CHF 35, limiting resilience to unexpected expenses."
U0042,liquidity,Build a short-term cash buffer before increasing discretionary spending.,"Average monthly net cashflow is CHF 33, limiting resilience to unexpected expenses."
U0043,liquidity,Build a short-term cash buffer before increasing discretionary spending.,"Average monthly net cashflow is CHF 123, limiting resilience to unexpected expenses."
U0044,liquidity,Build a short-term cash buffer before increasing discretionary spending.,"Average monthly net cashflow is CHF 856, limiting resilience to unexpected expenses."
U0045,liquidity,Build a short-term cash buffer before increasing discretionary spending.,"Average monthly net cashflow is CHF -362, limiting resilience to unexpected expenses."
U0046,liquidity,Build a short-term cash buffer before increasing discretionary spending.,"Average monthly net cashflow is CHF 114, limiting resilience to unexpected expenses."
U0047,liquidity,Build a short-term cash buffer before increasing discretionary spending.,"Average monthly net cashflow is CHF -35, limiting resilience to unexpected expenses."
U0048,liquidity,Build a short-term cash buffer before increasing discretionary spending.,"Average monthly net cashflow is CHF 97, limiting resilience to unexpected expenses."
U0049,liquidity,Build a short-term cash buffer before increasing discretionary spending.,"Average monthly net cashflow is CHF 805, limiting resilience to unexpected expenses."
U0050,liquidity,Build a short-term cash buffer before increasing discretionary spending.,"Average monthly net cashflow is CHF -191, limiting resilience to unexpected expenses."
U0051,liquidity,Build a short-term cash buffer before increasing discretionary spending.,"Average monthly net cashflow is CHF 369, limiting resilience to unexpected expenses."
U0052,liquidity,Build a short-term cash buffer before increasing discretionary spending.,"Average monthly net cashflow is CHF 107, limiting resilience to unexpected expenses."
U0053,liquidity,Build a short-term cash buffer before increasing discretionary spending.,"Average monthly net cashflow is CHF 129, limiting resilience to unexpected expenses."
U0054,liquidity,Build a short-term cash buffer before increasing discretionary spending.,"Average monthly net cashflow is CHF 949, limiting resilience to unexpected expenses."
U0055,liquidity,Build a short-term cash buffer before increasing discretionary spending.,"Average monthly net cashflow is CHF -265, limiting resilience to unexpected expenses."
U0056,liquidity,Build a short-term cash buffer before increasing discretionary spending.,"Average monthly net cashflow is CHF 275, limiting resilience to unexpected expenses."
U0057,liquidity,Build a short-term cash buffer before increasing discretionary spending.,"Average monthly net cashflow is CHF 36, limiting resilience to unexpected expenses."
U0058,liquidity,Build a short-term cash buffer before increasing discretionary spending.,"Average monthly net cashflow is CHF 233, limiting resilience to unexpected expenses."
U0059,liquidity,Build a short-term cash buffer before increasing discretionary spending.,"Average monthly net cashflow is CHF 872, limiting resilience to unexpected expenses."
U0060,liquidity,Build a short-term cash buffer before increasing discretionary spending.,"Average monthly net cashflow is CHF -362, limiting resilience to unexpected expenses."
U0061,liquidity,Build a short-term cash buffer before increasing discretionary spending.,"Average monthly net cashflow is CHF 216, limiting resilience to unexpected expenses."
U0062,liquidity,Build a short-term cash buffer before increasing discretionary spending.,"Average monthly net cashflow is CHF -44, limiting resilience to unexpected expenses."
U0063,liquidity,Build a short-term cash buffer before increasing discretionary spending.,"Average monthly net cashflow is CHF 120, limiting resilience to unexpected expenses."
U0064,liquidity,Build a short-term cash buffer before increasing discretionary spending.,"Average monthly net cashflow is CHF 514, limiting resilience to unexpected expenses."
U0065,liquidity,Build a short-term cash buffer before increasing discretionary spending.,"Average monthly net cashflow is CHF -329, limiting resilience to unexpected expenses."
U0066,liquidity,Build a short-term cash buffer before increasing discretionary spending.,"Average monthly net cashflow is CHF -28, limiting resilience to unexpected expenses."
U0067,liquidity,Build a short-term cash buffer before increasing discretionary spending.,"Average monthly net cashflow is CHF 104, limiting resilience to unexpected expenses."
U0068,liquidity,Build a short-term cash buffer before increasing discretionary spending.,"Average monthly net cashflow is CHF 171, limiting resilience to unexpected expenses."
U0069,liquidity,Build a short-term cash buffer before increasing discretionary spending.,"Average monthly net cashflow is CHF 703, limiting resilience to unexpected expenses."
U0070,liquidity,Build a short-term cash buffer before increasing discretionary spending.,"Average monthly net cashflow is CHF -187, limiting resilience to unexpected expenses."
U0071,liquidity,Build a short-term cash buffer before increasing discretionary spending.,"Average monthly net cashflow is CHF 175, limiting resilience to unexpected expenses."
U0072,liquidity,Build a short-term cash buffer before increasing discretionary spending.,"Average monthly net cashflow is CHF -9, limiting resilience to unexpected expenses."
U0073,liquidity,Build a short-term cash buffer before increasing discretionary spending.,"Average monthly net cashflow is CHF 64, limiting resilience to unexpected expenses."
U0074,liquidity,Build a short-term cash buffer before increasing discretionary spending.,"Average monthly net cashflow is CHF 551, limiting resilience to unexpected expenses."
U0075,liquidity,Build a short-term cash buffer before increasing discretionary spending.,"Average monthly net cashflow is CHF -332, limiting resilience to unexpected expenses."
U0076,liquidity,Build a short-term cash buffer before increasing discretionary spending.,"Average monthly net cashflow is CHF 255, limiting resilience to unexpected expenses."
U0077,liquidity,Build a short-term cash buffer before increasing discretionary spending.,"Average monthly net cashflow is CHF 108, limiting resilience to unexpected expenses."
U0078,liquidity,Build a short-term cash buffer before increasing discretionary spending.,"Average monthly net cashflow is CHF 182, limiting resilience to unexpected expenses."
U0079,liquidity,Build a short-term cash buffer before increasing discretionary spending.,"Average monthly net cashflow is CHF 718, limiting resilience to unexpected expenses."
U0080,liquidity,Build a short-term cash buffer before increasing discretionary spending.,"Average monthly net cashflow is CHF -169, limiting resilience to unexpected expenses."
U0081,liquidity,Build a short-term cash buffer before increasing discretionary spending.,"Average monthly net cashflow is CHF 142, limiting resilience to unexpected expenses."
U0082,liquidity,Build a short-term cash buffer before increasing discretionary spending.,"Average monthly net cashflow is CHF -25, limiting resilience to unexpected expenses."
U0083,liquidity,Build a short-term cash buffer before increasing discretionary spending.,"Average monthly net cashflow is CHF 137, limiting resilience to unexpected expenses."
U0084,liquidity,Build a short-term cash buffer before increasing discretionary spending.,"Average monthly net cashflow is CHF 872, limiting resilience to unexpected expenses."
U0085,liquidity,Build a short-term cash buffer before increasing discretionary spending.,"Average monthly net cashflow is CHF -209, limiting resilience to unexpected expenses."
U0086,liquidity,Build a short-term cash buffer before increasing discretionary spending.,"Average monthly net cashflow is CHF 413, limiting resilience to unexpected expenses."
U0087,liquidity,Build a short-term cash buffer before increasing discretionary spending.,"Average monthly net cashflow is CHF 41, limiting resilience to unexpected expenses."
U0088,liquidity,Build a short-term cash buffer before increasing discretionary spending.,"Average monthly net cashflow is CHF 55, limiting resilience to unexpected expenses."
U0089,liquidity,Build a short-term cash buffer before increasing discretionary spending.,"Average monthly net cashflow is CHF 1208, limiting resilience to unexpected expenses."
U0090,liquidity,Build a short-term cash buffer before increasing discretionary spending.,"Average monthly net cashflow is CHF -233, limiting resilience to unexpected expenses."
U0091,liquidity,Build a short-term cash buffer before increasing discretionary spending.,"Average monthly net cashflow is CHF 158, limiting resilience to unexpected expenses."
U0092,liquidity,Build a short-term cash buffer before increasing discretionary spending.,"Average monthly net cashflow is CHF -175, limiting resilience to unexpected expenses."
U0093,liquidity,Build a short-term cash buffer before increasing discretionary spending.,"Average monthly net cashflow is CHF 174, limiting resilience to unexpected expenses."
U0094,liquidity,Build a short-term cash buffer before increasing discretionary spending.,"Average monthly net cashflow is CHF 746, limiting resilience to unexpected expenses."
U0095,liquidity,Build a short-term cash buffer before increasing discretionary spending.,"Average monthly net cashflow is CHF -347, limiting resilience to unexpected expenses."
U0096,liquidity,Build a short-term cash buffer before increasing discretionary spending.,"Average monthly net cashflow is CHF 301, limiting resilience to unexpected expenses."
U0097,liquidity,Build a short-term cash buffer before increasing discretionary spending.,"Average monthly net cashflow is CHF 44, limiting resilience to unexpected expenses."
U0098,liquidity,Build a short-term cash buffer before increasing discretionary spending.,"Average monthly net cashflow is CHF 34, limiting resilience to unexpected expenses."
U0099,liquidity,Build a short-term cash buffer before increasing discretionary spending.,"Average monthly net cashflow is CHF 450, limiting resilience to unexpected expenses."
U0100,liquidity,Build a short-term cash buffer before increasing discretionary spending.,"Average monthly net cashflow is CHF -269, limiting resilience to unexpected expenses."
U0101,liquidity,Build a short-term cash buffer before increasing discretionary spending.,"Average monthly net cashflow is CHF 278, limiting resilience to unexpected expenses."
U0102,liquidity,Build a short-term cash buffer before increasing discretionary spending.,"Average monthly net cashflow is CHF -34, limiting resilience to unexpected expenses."
U0103,liquidity,Build a short-term cash buffer before increasing discretionary spending.,"Average monthly net cashflow is CHF 90, limiting resilience to unexpected expenses."
U0104,liquidity,Build a short-term cash buffer before increasing discretionary spending.,"Average monthly net cashflow is CHF 591, limiting resilience to unexpected expenses."
U0105,liquidity,Build a short-term cash buffer before increasing discretionary spending.,"Average monthly net cashflow is CHF -256, limiting resilience to unexpected expenses."
U0106,liquidity,Build a short-term cash buffer before increasing discretionary spending.,"Average monthly net cashflow is CHF 175, limiting resilience to unexpected expenses."
U0107,liquidity,Build a short-term cash buffer before increasing discretionary spending.,"Average monthly net cashflow is CHF -21, limiting resilience to unexpected expenses."
U0108,liquidity,Build a short-term cash buffer before increasing discretionary spending.,"Average monthly net cashflow is CHF 149, limiting resilience to unexpected expenses."
U0109,liquidity,Build a short-term cash buffer before increasing discretionary spending.,"Average monthly net cashflow is CHF 804, limiting resilience to unexpected expenses."
U0110,liquidity,Build a short-term cash buffer before increasing discretionary spending.,"Average monthly net cashflow is CHF -132, limiting resilience to unexpected expenses."
U0111,liquidity,Build a short-term cash buffer before increasing discretionary spending.,"Average monthly net cashflow is CHF 108, limiting resilience to unexpected expenses."
U0112,liquidity,Build a short-term cash buffer before increasing discretionary spending.,"Average monthly net cashflow is CHF -11, limiting resilience to unexpected expenses."
U0113,liquidity,Build a short-term cash buffer before increasing discretionary spending.,"Average monthly net cashflow is CHF 12, limiting resilience to unexpected expenses."
U0114,liquidity,Build a short-term cash buffer before increasing discretionary spending.,"Average monthly net cashflow is CHF 1114, limiting resilience to unexpected expenses."
U0115,liquidity,Build a short-term cash buffer before increasing discretionary spending.,"Average monthly net cashflow is CHF -346, limiting resilience to unexpected expenses."
U0116,liquidity,Build a short-term cash buffer before increasing discretionary spending.,"Average monthly net cashflow is CHF 227, limiting resilience to unexpected expenses."
U0117,liquidity,Build a short-term cash buffer before increasing discretionary spending.,"Average monthly net cashflow is CHF 77, limiting resilience to unexpected expenses."
U0118,liquidity,Build a short-term cash buffer before increasing discretionary spending.,"Average monthly net cashflow is CHF 208, limiting resilience to unexpected expenses."
U0119,liquidity,Build a short-term cash buffer before increasing discretionary spending.,"Average monthly net cashflow is CHF 727, limiting resilience to unexpected expenses."
U0120,liquidity,Build a short-term cash buffer before increasing discretionary spending.,"Average monthly net cashflow is CHF -337, limiting resilience to unexpected expenses."
U0121,liquidity,Build a short-term cash buffer before increasing discretionary spending.,"Average monthly net cashflow is CHF 176, limiting resilience to unexpected expenses."
U0122,liquidity,Build a short-term cash buffer before increasing discretionary spending.,"Average monthly net cashflow is CHF 50, limiting resilience to unexpected expenses."
U0123,liquidity,Build a short-term cash buffer before increasing discretionary spending.,"Average monthly net cashflow is CHF 141, limiting resilience to unexpected expenses."
U0124,liquidity,Build a short-term cash buffer before increasing discretionary spending.,"Average monthly net cashflow is CHF 704, limiting resilience to unexpected expenses."
U0125,liquidity,Build a short-term cash buffer before increasing discretionary spending.,"Average monthly net cashflow is CHF -203, limiting resilience to unexpected expenses."
U0126,liquidity,Build a short-term cash buffer before increasing discretionary spending.,"Average monthly net cashflow is CHF 99, limiting resilience to unexpected expenses."
U0127,liquidity,Build a short-term cash buffer before increasing discretionary spending.,"Average monthly net cashflow is CHF -72, limiting resilience to unexpected expenses."
U0128,liquidity,Build a short-term cash buffer before increasing discretionary spending.,"Average monthly net cashflow is CHF 103, limiting resilience to unexpected expenses."
U0129,liquidity,Build a short-term cash buffer before increasing discretionary spending.,"Average monthly net cashflow is CHF 669, limiting resilience to unexpected expenses."
U0130,liquidity,Build a short-term cash buffer before increasing discretionary spending.,"Average monthly net cashflow is CHF -70, limiting resilience to unexpected expenses."
U0131,liquidity,Build a short-term cash buffer before increasing discretionary spending.,"Average monthly net cashflow is CHF 154, limiting resilience to unexpected expenses."
U0132,liquidity,Build a short-term cash buffer before increasing discretionary spending.,"Average monthly net cashflow is CHF 26, limiting resilience to unexpected expenses."
U0133,liquidity,Build a short-term cash buffer before increasing discretionary spending.,"Average monthly net cashflow is CHF 306, limiting resilience to unexpected expenses."
U0134,liquidity,Build a short-term cash buffer before increasing discretionary spending.,"Average monthly net cashflow is CHF 675, limiting resilience to unexpected expenses."
U0135,liquidity,Build a short-term cash buffer before increasing discretionary spending.,"Average monthly net cashflow is CHF -147, limiting resilience to unexpected expenses."
U0136,liquidity,Build a short-term cash buffer before increasing discretionary spending.,"Average monthly net cashflow is CHF 109, limiting resilience to unexpected expenses."
U0137,liquidity,Build a short-term cash buffer before increasing discretionary spending.,"Average monthly net cashflow is CHF 8, limiting resilience to unexpected expenses."
U0138,liquidity,Build a short-term cash buffer before increasing discretionary spending.,"Average monthly net cashflow is CHF 202, limiting resilience to unexpected expenses."
U0139,liquidity,Build a short-term cash buffer before increasing discretionary spending.,"Average monthly net cashflow is CHF 902, limiting resilience to unexpected expenses."
U0140,liquidity,Build a short-term cash buffer before increasing discretionary spending.,"Average monthly net cashflow is CHF -353, limiting resilience to unexpected expenses."
U0141,liquidity,Build a short-term cash buffer before increasing discretionary spending.,"Average monthly net cashflow is CHF 225, limiting resilience to unexpected expenses."
U0142,liquidity,Build a short-term cash buffer before increasing discretionary spending.,"Average monthly net cashflow is CHF 148, limiting resilience to unexpected expenses."
U0143,liquidity,Build a short-term cash buffer before increasing discretionary spending.,"Average monthly net cashflow is CHF 27, limiting resilience to unexpected expenses."
U0144,liquidity,Build a short-term cash buffer before increasing discretionary spending.,"Average monthly net cashflow is CHF 886, limiting resilience to unexpected expenses."
U0145,liquidity,Build a short-term cash buffer before increasing discretionary spending.,"Average monthly net cashflow is CHF -86, limiting resilience to unexpected expenses."
U0146,liquidity,Build a short-term cash buffer before increasing discretionary spending.,"Average monthly net cashflow is CHF 143, limiting resilience to unexpected expenses."
U0147,liquidity,Build a short-term cash buffer before increasing discretionary spending.,"Average monthly net cashflow is CHF 150, limiting resilience to unexpected expenses."
U0148,liquidity,Build a short-term cash buffer before increasing discretionary spending.,"Average monthly net cashflow is CHF 43, limiting resilience to unexpected expenses."
U0149,liquidity,Build a short-term cash buffer before increasing discretionary spending.,"Average monthly net cashflow is CHF 787, limiting resilience to unexpected expenses."
U0150,liquidity,Build a short-term cash buffer before increasing discretionary spending.,"Average monthly net cashflow is CHF -365, limiting resilience to unexpected expenses."
